t,S10,S11,T1
0.000000000000000000e+00,0.000000000000000000e+00,0.000000000000000000e+00,0.000000000000000000e+00
5.000000000000000104e-03,1.101392173491708366e-26,1.101392173491708366e-26,0.000000000000000000e+00
1.000000000000000021e-02,2.945459090116555518e-21,2.945459090116555518e-21,1.149314355466040118e-27
1.499999999999999944e-02,1.731057751392637244e-18,1.507867773012662300e-18,4.490365540016340697e-21
2.000000000000000042e-02,5.928609371559985777e-17,4.296878652014337848e-17,2.749373322131922236e-19
2.500000000000000139e-02,5.603702972253984043e-15,3.619316480649215617e-15,3.099047726885679627e-17
2.999999999999999889e-02,1.925697607918855359e-13,6.227071366807918230e-14,2.057143654348105334e-15
3.500000000000000333e-02,3.431224493946314803e-12,1.462645804661431173e-12,3.698842694582786255e-14
4.000000000000000083e-02,6.459712712985051944e-11,2.863657145758919537e-11,6.733551129539317960e-13
4.499999999999999833e-02,7.973319930188305418e-10,2.889103148084722179e-10,1.091549225609754256e-11
5.000000000000000278e-02,1.003837647340253633e-08,3.719580320835330275e-09,1.386988065569159093e-10
5.500000000000000028e-02,1.050159190844543889e-07,3.621762987030709454e-08,1.541625810422081241e-09
5.999999999999999778e-02,9.117673679418746926e-07,2.904420927093410355e-07,1.417343222566729468e-08
6.500000000000000222e-02,6.460411576400649625e-06,1.899087755667784579e-06,1.081651806556252533e-07
7.000000000000000666e-02,3.734658281003220008e-05,1.005350719430330219e-05,6.798695517683257177e-07
7.499999999999999722e-02,1.764107004124869068e-04,4.336214180168091430e-05,3.536237194975962530e-06
8.000000000000000167e-02,6.814915441176650933e-04,1.526381622744508461e-04,1.524079438538657240e-05
8.500000000000000611e-02,2.162807873003011125e-03,4.426247035941460761e-04,5.474182737809347001e-05
8.999999999999999667e-02,5.674035381758149414e-03,1.067750050169861660e-03,1.651717594740182966e-04
9.500000000000000111e-02,1.240967211872085439e-02,2.172123577388146171e-03,4.228565595987157188e-04
1.000000000000000056e-01,2.288046894279320911e-02,3.786611759654528141e-03,9.297380886884899776e-04
1.049999999999999961e-01,3.608919267934754954e-02,5.760975380667531995e-03,1.780950209879159085e-03
1.100000000000000006e-01,4.962037708290601562e-02,7.796556170892235751e-03,3.021175719397486102e-03
1.150000000000000050e-01,6.085200752026732884e-02,9.563839445677322498e-03,4.620491398955835390e-03
1.199999999999999956e-01,6.829776420021715921e-02,1.083305844574306183e-02,6.488533275395180940e-03
1.250000000000000000e-01,7.198331985428609026e-02,1.154571950196689629e-02,8.514036625621843393e-03
1.300000000000000044e-01,7.286309043260229268e-02,1.179745038833861920e-02,1.060093805954315585e-02
1.350000000000000089e-01,7.205475755306471608e-02,1.174858810677498026e-02,1.268418543687255436e-02
1.400000000000000133e-01,7.042295694150368934e-02,1.154025093320381647e-02,1.472796437067820305e-02
1.449999999999999900e-01,6.849326284936499420e-02,1.126081435919452575e-02,1.671663184551007084e-02
1.499999999999999944e-01,6.651682902505508255e-02,1.095830409022831298e-02,1.864562508441300684e-02
1.549999999999999989e-01,6.458045528520571510e-02,1.065748274441423796e-02,2.051519354295793310e-02
1.600000000000000033e-01,6.270909648866673791e-02,1.036776213282254722e-02,2.232717639682163871e-02
1.650000000000000078e-01,6.091612476203227960e-02,1.008914029908516800e-02,2.408391027449635971e-02
1.700000000000000122e-01,5.920467465295982390e-02,9.819932257612597887e-03,2.578788350963111611e-02
1.750000000000000167e-01,5.756517973207612993e-02,9.561099427728250374e-03,2.744146975117348064e-02
1.799999999999999933e-01,5.598782259391411192e-02,9.313145924171119944e-03,2.904677798332595123e-02
1.849999999999999978e-01,5.447165114529305130e-02,9.074570216836462533e-03,3.060574523735559715e-02
1.900000000000000022e-01,5.301688416465462350e-02,8.843540966271290840e-03,3.212025369037468242e-02
1.950000000000000067e-01,5.161775188859384772e-02,8.620209479260700774e-03,3.359208651141932372e-02
2.000000000000000111e-01,5.026718105136436521e-02,8.405059298640549237e-03,3.502285574171730420e-02
2.050000000000000155e-01,4.896323573037245774e-02,8.197309073311455710e-03,3.641403781052219429e-02
2.099999999999999922e-01,4.770609635945181198e-02,7.995770694231914277e-03,3.776705831849670736e-02
2.149999999999999967e-01,4.649264594927283306e-02,7.800257304624614273e-03,3.908328485850776080e-02
2.200000000000000011e-01,4.531815421193696736e-02,7.611163158694328294e-03,4.036398035341065560e-02
2.250000000000000056e-01,4.418055121490446768e-02,7.428105313353015361e-03,4.161031040109743756e-02
2.300000000000000100e-01,4.307978715648252271e-02,7.250315187345830921e-03,4.282339447365104274e-02
2.350000000000000144e-01,4.201420278513737921e-02,7.077497652476105565e-03,4.400431595672078117e-02
2.399999999999999911e-01,4.098070593931170402e-02,6.909877569332476162e-03,4.515409314926554368e-02
2.449999999999999956e-01,3.997745828021426889e-02,6.747312506089343277e-03,4.627367652935481662e-02
2.500000000000000000e-01,3.900416385875997427e-02,6.589294349104188146e-03,4.736397664592690432e-02
2.550000000000000044e-01,3.805991165196898063e-02,6.435537986767209465e-03,4.842587836429011056e-02
2.600000000000000089e-01,3.714269412036479839e-02,6.286113324440024616e-03,4.946022512573552965e-02
2.650000000000000133e-01,3.625100763108544261e-02,6.140990356097808175e-03,5.046781277738927873e-02
2.700000000000000178e-01,3.538439556002583725e-02,5.999843109138453846e-03,5.144940419615150196e-02
2.750000000000000222e-01,3.454228872816369339e-02,5.862427978596783384e-03,5.240574135965858638e-02
2.800000000000000266e-01,3.372337879812880440e-02,5.728722388760734870e-03,5.333753870912127937e-02
2.850000000000000311e-01,3.292648008910817325e-02,5.598717609525136543e-03,5.424547661381674823e-02
2.899999999999999800e-01,3.215107126119742115e-02,5.472217304948025739e-03,5.513020873580237041e-02
2.949999999999999845e-01,3.139671895181457562e-02,5.349022881480861545e-03,5.599237062967240414e-02
2.999999999999999889e-01,3.066254902054743603e-02,5.229071997711370184e-03,5.683257808245738285e-02
3.049999999999999933e-01,2.994764153136050822e-02,5.112340284071204000e-03,5.765142198925770484e-02
3.099999999999999978e-01,2.925147499388918923e-02,4.998709473720646529e-03,5.844947151537721597e-02
3.150000000000000022e-01,2.857366765214046714e-02,4.888025668641983630e-03,5.922727993251709205e-02
3.200000000000000067e-01,2.791360199713352128e-02,4.780214344974763677e-03,5.998538502300854863e-02
3.250000000000000111e-01,2.727056714067091839e-02,4.675235142342315693e-03,6.072430588143077484e-02
3.300000000000000155e-01,2.664407496489330091e-02,4.573006570997992931e-03,6.144454375461820550e-02
3.350000000000000200e-01,2.603377000993255252e-02,4.473413858575869123e-03,6.214658589124456844e-02
3.400000000000000244e-01,2.543918213157675759e-02,4.376382552121188887e-03,6.283090660274258388e-02
3.450000000000000289e-01,2.485975632687897202e-02,4.281865748411578521e-03,6.349796559097599380e-02
3.500000000000000333e-01,2.429505239915370762e-02,4.189796954381575476e-03,6.414820780261357158e-02
3.549999999999999822e-01,2.374473670723258392e-02,4.100089369591199129e-03,6.478206579515866093e-02
3.599999999999999867e-01,2.320842626507500089e-02,4.012674386886809844e-03,6.539996093346854555e-02
3.649999999999999911e-01,2.268567702066130731e-02,3.927504749691526804e-03,6.600230263780568207e-02
3.699999999999999956e-01,2.217610033392238347e-02,3.844522345835096194e-03,6.658948802433102554e-02
3.750000000000000000e-01,2.167938501412105048e-02,3.763657407142796153e-03,6.716190322709290894e-02
3.800000000000000044e-01,2.119520434507195239e-02,3.684849109906559138e-03,6.771992449848088236e-02
3.850000000000000089e-01,2.072319193520908223e-02,3.608052050062615992e-03,6.826391796903211184e-02
3.900000000000000133e-01,2.026300767303883255e-02,3.533215569063675662e-03,6.879423936042938781e-02
3.950000000000000178e-01,1.981436410242969418e-02,3.460280548271005459e-03,6.931123468139421817e-02
4.000000000000000222e-01,1.937697464372411041e-02,3.389193313689785499e-03,6.981524110503709024e-02
4.050000000000000266e-01,1.895052858121243702e-02,3.319910931844948562e-03,7.030658701908498731e-02
4.100000000000000311e-01,1.853472808908103453e-02,3.252389376144644573e-03,7.078559186008656634e-02
4.150000000000000355e-01,1.812931015243481048e-02,3.186577805282249203e-03,7.125256648441959106e-02
4.199999999999999845e-01,1.773401921479001581e-02,3.122428395142203689e-03,7.170781380212072620e-02
4.249999999999999889e-01,1.734858636855440145e-02,3.059900930233672156e-03,7.215162897523105801e-02
4.299999999999999933e-01,1.697274945078595595e-02,2.998956479350834304e-03,7.258429936005918182e-02
4.349999999999999978e-01,1.660626954232317237e-02,2.939551470332037522e-03,7.300610471898906495e-02
4.400000000000000022e-01,1.624891667281998589e-02,2.881643214807286680e-03,7.341731766036585505e-02
4.450000000000000067e-01,1.590045468493923517e-02,2.825194364538788534e-03,7.381820388844421987e-02
4.500000000000000111e-01,1.556065146885050703e-02,2.770169694524815106e-03,7.420902222605388343e-02
4.550000000000000155e-01,1.522929091415432985e-02,2.716531681691565503e-03,7.459002475178061475e-02
4.600000000000000200e-01,1.490616526902560114e-02,2.664242555173353729e-03,7.496145710779494875e-02
4.650000000000000244e-01,1.459106487722358278e-02,2.613267988877275485e-03,7.532355874584248379e-02
4.700000000000000289e-01,1.428378320553718925e-02,2.563575709797691771e-03,7.567656300168071337e-02
4.750000000000000333e-01,1.398412516736421453e-02,2.515132804468407039e-03,7.602069719937919190e-02
4.799999999999999822e-01,1.369190292612334006e-02,2.467906090949827276e-03,7.635618287713413777e-02
4.849999999999999867e-01,1.340692893913130943e-02,2.421864423673007402e-03,7.668323600219019431e-02
4.899999999999999911e-01,1.312901860791966524e-02,2.376978251568532575e-03,7.700206707481781210e-02
4.949999999999999956e-01,1.285799594648573060e-02,2.333218122745121543e-03,7.731288122023442788e-02
5.000000000000000000e-01,1.259369119167715566e-02,2.290554778019698347e-03,7.761587836316134748e-02
5.050000000000000044e-01,1.233593583458126620e-02,2.248960269172611652e-03,7.791125340587300163e-02
5.100000000000000089e-01,1.208456421774752737e-02,2.208407756583520565e-03,7.819919634352007209e-02
5.150000000000000133e-01,1.183941755174279867e-02,2.168870617599462716e-03,7.847989235580933587e-02
5.200000000000000178e-01,1.160034248732649820e-02,2.130322742941458385e-03,7.875352194359074021e-02
5.250000000000000222e-01,1.136718731366829528e-02,2.092739149878390225e-03,7.902026107748841288e-02
5.300000000000000266e-01,1.113980291180875944e-02,2.056095676577554369e-03,7.928028131177594640e-02
5.350000000000000311e-01,1.091804587695253785e-02,2.020368275406597084e-03,7.953374987872920132e-02
5.400000000000000355e-01,1.070177770253064563e-02,1.985533400627608174e-03,7.978082979730921620e-02
5.450000000000000400e-01,1.049086171308456945e-02,1.951568625906461739e-03,8.002167999865533732e-02
5.500000000000000444e-01,1.028516344306978914e-02,1.918452297837277372e-03,8.025645543504984769e-02
5.550000000000000488e-01,1.008455322680542124e-02,1.886162818462516766e-03,8.048530717073101859e-02
5.600000000000000533e-01,9.888905908036755080e-03,1.854678889714821144e-03,8.070838247435649371e-02
5.650000000000000577e-01,9.698098324083043870e-03,1.823980233227049655e-03,8.092582492508754166e-02
5.700000000000000622e-01,9.512009158993519828e-03,1.794047412957792097e-03,8.113777451504480820e-02
5.750000000000000666e-01,9.330521063915939856e-03,1.764861116588688520e-03,8.134436773253334030e-02
5.799999999999999600e-01,9.153520848381464098e-03,1.736402144776626839e-03,8.154573764457977159e-02
5.849999999999999645e-01,8.980897475464726457e-03,1.708652085160607690e-03,8.174201398947406050e-02
5.899999999999999689e-01,8.812541506953534831e-03,1.681593397486146535e-03,8.193332326807564736e-02
5.949999999999999734e-01,8.648346713857904544e-03,1.655208812420160469e-03,8.211978882095447019e-02
5.999999999999999778e-01,8.488210631729498079e-03,1.629481106767005508e-03,8.230153090310160513e-02
6.049999999999999822e-01,8.332033075838534211e-03,1.604393581910643768e-03,8.247866676655674079e-02
6.099999999999999867e-01,8.179715341082515259e-03,1.579930331263573219e-03,8.265131073933115746e-02
6.149999999999999911e-01,8.031161296999359336e-03,1.556075851389302021e-03,8.281957429696849837e-02
6.199999999999999956e-01,7.886278129079441618e-03,1.532814726106426252e-03,8.298356613209140198e-02
6.250000000000000000e-01,7.744975354867240057e-03,1.510131874462841174e-03,8.314339222642497251e-02
6.300000000000000044e-01,7.607163942067720827e-03,1.488012852494830732e-03,8.329915592042733130e-02
6.350000000000000089e-01,7.472756949348437205e-03,1.466443673997591462e-03,8.345095797881450783e-02
6.400000000000000133e-01,7.341670288318120907e-03,1.445410520078423957e-03,8.359889665566229422e-02
6.450000000000000178e-01,7.213822162991997446e-03,1.424899818906051998e-03,8.374306775655747381e-02
6.500000000000000222e-01,7.089132235319359210e-03,1.404898481231218414e-03,8.388356470069199822e-02
6.550000000000000266e-01,6.967521913321198142e-03,1.385393852518721370e-03,8.402047858189810869e-02
6.600000000000000311e-01,6.848915029103288046e-03,1.366373503128022471e-03,8.415389822689170463e-02
6.650000000000000355e-01,6.733237588829989531e-03,1.347825228999664695e-03,8.428391025067014097e-02
6.700000000000000400e-01,6.620417060638475112e-03,1.329737202952257103e-03,8.441059911212943356e-02
6.750000000000000444e-01,6.510382419208936983e-03,1.312097974090453397e-03,8.453404717048523809e-02
6.800000000000000488e-01,6.403064694167826497e-03,1.294896330183409067e-03,8.465433473659428332e-02
6.850000000000000533e-01,6.298396923513002559e-03,1.278121280118357881e-03,8.477154012295662344e-02
6.900000000000000577e-01,6.196313588344362980e-03,1.261762152771422505e-03,8.488573969485677106e-02
6.950000000000000622e-01,6.096750507030674997e-03,1.245808601494681261e-03,8.499700792024954266e-02
7.000000000000000666e-01,5.999645245635798659e-03,1.230250503136820625e-03,8.510541741613120159e-02
7.049999999999999600e-01,5.904937193631249782e-03,1.215077939292974951e-03,8.521103899388325631e-02
7.099999999999999645e-01,5.812567141762952326e-03,1.200281276736343350e-03,8.531394170614670092e-02
7.149999999999999689e-01,5.722477092655595121e-03,1.185851176473081510e-03,8.541419289047220975e-02
7.199999999999999734e-01,5.634610542785274158e-03,1.171778505004382335e-03,8.551185821137731458e-02
7.249999999999999778e-01,5.548912623738280238e-03,1.158054304845686612e-03,8.560700170254478825e-02
7.299999999999999822e-01,5.465329809997978086e-03,1.144669867256425597e-03,8.569968580805117919e-02
7.349999999999999867e-01,5.383809691825705915e-03,1.131616759324121377e-03,8.578997142158681366e-02
7.399999999999999911e-01,5.304301143473477004e-03,1.118886747280483946e-03,8.587791792471788366e-02
7.449999999999999956e-01,5.226754490404061232e-03,1.106471746896392754e-03,8.596358322573990907e-02
7.500000000000000000e-01,5.151121329450441579e-03,1.094363878925534023e-03,8.604702379582211680e-02
7.550000000000000044e-01,5.077354298640349498e-03,1.082555517422707780e-03,8.612829470436803025e-02
7.600000000000000089e-01,5.005407148714969938e-03,1.071039237862739246e-03,8.620744965466574372e-02
7.650000000000000133e-01,4.935234906536227310e-03,1.059807752617450850e-03,8.628454101813566590e-02
7.700000000000000178e-01,4.866793786479888494e-03,1.048853936804328103e-03,8.635961986690111891e-02
7.750000000000000222e-01,4.800040983354424140e-03,1.038170885326357082e-03,8.643273600592044081e-02
7.800000000000000266e-01,4.734934669727824952e-03,1.027751893814744799e-03,8.650393800564788738e-02
7.850000000000000311e-01,4.671434132403294408e-03,1.017590395588808963e-03,8.657327323223092119e-02
7.900000000000000355e-01,4.609499750776266218e-03,1.007679956849128399e-03,8.664078787691947836e-02
7.950000000000000400e-01,4.549092829460511800e-03,9.980143243362678881e-04,8.670652698596502395e-02
8.000000000000000444e-01,4.490175547822310848e-03,9.885874335967554782e-04,8.677053448935224955e-02
8.050000000000000488e-01,4.432711056376627962e-03,9.793933628615665923e-04,8.683285322805456286e-02
8.100000000000000533e-01,4.376663495639507989e-03,9.704263089415047930e-04,8.689352498086788668e-02
8.150000000000000577e-01,4.321997875277839955e-03,9.616806145444526744e-04,8.695259049172120169e-02
8.200000000000000622e-01,4.268680000583767800e-03,9.531507888266120424e-04,8.701008949499719480e-02
8.250000000000000666e-01,4.216676527504749881e-03,9.448314833204789426e-04,8.706606074018258257e-02
8.300000000000000711e-01,4.165954998084057601e-03,9.367174640959657558e-04,8.712054201691085686e-02
8.349999999999999645e-01,4.116483763146508434e-03,9.288036196991817988e-04,8.717357017889100501e-02
8.399999999999999689e-01,4.068231904884340479e-03,9.210849796786405854e-04,8.722518116681315936e-02
8.449999999999999734e-01,4.021169257595604354e-03,9.135567068889228776e-04,8.727541003086215776e-02
8.499999999999999778e-01,3.975266443843228532e-03,9.062140765966315110e-04,8.732429095354864168e-02
8.549999999999999822e-01,3.930494830253120249e-03,8.990524737026791982e-04,8.737185727087000420e-02
8.599999999999999867e-01,3.886826458146747879e-03,8.920674029436689596e-04,8.741814149297393033e-02
8.649999999999999911e-01,3.844234040464552474e-03,8.852544876554835178e-04,8.746317532519616578e-02
8.699999999999999956e-01,3.802690991113326889e-03,8.786094578158498225e-04,8.750698968805391276e-02
8.750000000000000000e-01,3.762171402172393830e-03,8.721281454561022502e-04,8.754961473640937575e-02
8.800000000000000044e-01,3.722649986777842347e-03,8.658064882032137470e-04,8.759107987836596554e-02
8.850000000000000089e-01,3.684102062706443199e-03,8.596405276239735401e-04,8.763141379439538803e-02
8.900000000000000133e-01,3.646503572577651248e-03,8.536264020989852005e-04,8.767064445505476367e-02
8.950000000000000178e-01,3.609831073716119557e-03,8.477603444944289968e-04,8.770879913828624752e-02
9.000000000000000222e-01,3.574061692814746016e-03,8.420386839103573056e-04,8.774590444707587589e-02
9.050000000000000266e-01,3.539173103528330065e-03,8.364578423859899336e-04,8.778198632617863206e-02
9.100000000000000311e-01,3.505143538118526796e-03,8.310143279879394704e-04,8.781707007818138899e-02
9.150000000000000355e-01,3.471951784313117521e-03,8.257047336866470480e-04,8.785118037935771285e-02
9.200000000000000400e-01,3.439577150531099824e-03,8.205257405464577150e-04,8.788434129567414266e-02
9.250000000000000444e-01,3.407999441003588779e-03,8.154741151222568395e-04,8.791657629763947879e-02
9.300000000000000488e-01,3.377198960352965212e-03,8.105467013415957895e-04,8.794790827480920836e-02
9.350000000000000533e-01,3.347156514110996833e-03,8.057404177311520716e-04,8.797835955060469282e-02
9.400000000000000577e-01,3.317853383449806143e-03,8.010522617275282276e-04,8.800795189629687099e-02
9.450000000000000622e-01,3.289271299805468507e-03,7.964793100335467975e-04,8.803670654448003674e-02
9.500000000000000666e-01,3.261392443214358988e-03,7.920187109514518087e-04,8.806464420238339919e-02
9.550000000000000711e-01,3.234199444711947490e-03,7.876676787434749773e-04,8.809178506527186314e-02
9.599999999999999645e-01,3.207675369154440199e-03,7.834234965855960998e-04,8.811814882888560629e-02
9.649999999999999689e-01,3.181803691284611126e-03,7.792835198185612145e-04,8.814375470160486226e-02
9.699999999999999734e-01,3.156568288584556212e-03,7.752451711014625695e-04,8.816862141689205123e-02
9.749999999999999778e-01,3.131953443851872177e-03,7.713059332186131874e-04,8.819276724500026143e-02
9.799999999999999822e-01,3.107943834576488810e-03,7.674633488097164832e-04,8.821621000425032555e-02
9.849999999999999867e-01,3.084524511968830124e-03,7.637150243170380635e-04,8.823896707222876612e-02
9.899999999999999911e-01,3.061680890129640786e-03,7.600586288453449165e-04,8.826105539700276892e-02
9.949999999999999956e-01,3.039398746872429367e-03,7.564918878643063591e-04,8.828249150754927110e-02
1.000000000000000000e+00,3.017664217797097394e-03,7.530125799685862377e-04,8.830329152395727244e-02
1.005000000000000115e+00,2.996463779298270871e-03,7.496185391473412108e-04,8.832347116787640784e-02
1.010000000000000009e+00,2.975784236223049783e-03,7.463076561357396893e-04,8.834304577230681077e-02
1.015000000000000124e+00,2.955612719949224625e-03,7.430778747148192136e-04,8.836203029107043971e-02
1.020000000000000018e+00,2.935936684834810489e-03,7.399271873606443929e-04,8.838043930821276595e-02
1.024999999999999911e+00,2.916743895652932749e-03,7.368536349921248410e-04,8.839828704739108312e-02
1.030000000000000027e+00,2.898022415410642181e-03,7.338553086118853415e-04,8.841558738062216261e-02
1.034999999999999920e+00,2.879760600981521364e-03,7.309303481683827658e-04,8.843235383684248940e-02
1.040000000000000036e+00,2.861947100030095420e-03,7.280769390539508371e-04,8.844859961067814969e-02
1.044999999999999929e+00,2.844570842222965672e-03,7.252933101672591823e-04,8.846433757064399439e-02
1.050000000000000044e+00,2.827621028389610321e-03,7.225777343155976576e-04,8.847958026708420409e-02
1.054999999999999938e+00,2.811087124536021126e-03,7.199285282569928323e-04,8.849433994007746551e-02
1.060000000000000053e+00,2.794958858544184261e-03,7.173440509023346155e-04,8.850862852729478314e-02
1.064999999999999947e+00,2.779226213711216784e-03,7.148227011927247004e-04,8.852245767133691545e-02
1.070000000000000062e+00,2.763879419706343800e-03,7.123629171504043634e-04,8.853583872691916934e-02
1.074999999999999956e+00,2.748908945999243778e-03,7.099631756548879661e-04,8.854878276823344163e-02
1.080000000000000071e+00,2.734305498295141069e-03,7.076219918636652770e-04,8.856130059581490688e-02
1.084999999999999964e+00,2.720060013272503161e-03,7.053379179436531634e-04,8.857340274320117668e-02
1.090000000000000080e+00,2.706163650971720250e-03,7.031095416326607530e-04,8.858509948358003760e-02
1.094999999999999973e+00,2.692607788579578880e-03,7.009354852180199212e-04,8.859640083636653729e-02
1.100000000000000089e+00,2.679384016703343502e-03,6.988144051005394522e-04,8.860731657335861600e-02
1.104999999999999982e+00,2.666484134792378429e-03,6.967449914188453578e-04,8.861785622476944790e-02
1.110000000000000098e+00,2.653900144503432493e-03,6.947259670529434611e-04,8.862802908540588775e-02
1.114999999999999991e+00,2.641624244113355367e-03,6.927560861953117313e-04,8.863784422042229882e-02
1.120000000000000107e+00,2.629648824861648658e-03,6.908341333714416912e-04,8.864731047090432248e-02
1.125000000000000000e+00,2.617966466834369121e-03,6.889589232771248239e-04,8.865643645946126583e-02
1.130000000000000115e+00,2.606569933239163018e-03,6.871293005483746809e-04,8.866523059572960219e-02
1.135000000000000009e+00,2.595452165203751115e-03,6.853441386267108623e-04,8.867370108153954655e-02
1.140000000000000124e+00,2.584606278262927600e-03,6.836023383070697007e-04,8.868185591597868567e-02
1.145000000000000018e+00,2.574025558733688841e-03,6.819028271435662774e-04,8.868970290058239558e-02
1.150000000000000133e+00,2.563703458906826244e-03,6.802445596098605001e-04,8.869724964414769930e-02
1.155000000000000027e+00,2.553633592109687267e-03,6.786265166576722560e-04,8.870450356742186349e-02
1.159999999999999920e+00,2.543809729134427922e-03,6.770477043218450525e-04,8.871147190780565017e-02
1.165000000000000036e+00,2.534225795219191037e-03,6.755071525916954596e-04,8.871816172395899369e-02
1.169999999999999929e+00,2.524875866062072094e-03,6.740039153509626204e-04,8.872457990013679630e-02
1.175000000000000044e+00,2.515754163230604201e-03,6.725370704711449397e-04,8.873073315044514853e-02
1.179999999999999938e+00,2.506855050462629842e-03,6.711057189541697098e-04,8.873662802318933729e-02
1.185000000000000053e+00,2.498173031056036015e-03,6.697089836330864191e-04,8.874227090491663972e-02
1.189999999999999947e+00,2.489702744645074222e-03,6.683460085917149055e-04,8.874766802434483348e-02
1.195000000000000062e+00,2.481438963047398211e-03,6.670159592937153960e-04,8.875282545632055820e-02
1.199999999999999956e+00,2.473376586636390727e-03,6.657180223413900616e-04,8.875774912567249708e-02
1.205000000000000071e+00,2.465510641803875854e-03,6.644514044655520186e-04,8.876244481085272808e-02
1.209999999999999964e+00,2.457836278304900961e-03,6.632153315754403750e-04,8.876691814750879705e-02
1.215000000000000080e+00,2.450348765696475171e-03,6.620090485380344556e-04,8.877117463213660131e-02
1.219999999999999973e+00,2.443043489961686451e-03,6.608318192308630136e-04,8.877521962546582046e-02
1.225000000000000089e+00,2.435915950922257038e-03,6.596829260384573729e-04,8.877905835575665427e-02
1.229999999999999982e+00,2.428961759827492038e-03,6.585616689132717770e-04,8.878269592213026973e-02
1.235000000000000098e+00,2.422176636482746559e-03,6.574673647824108872e-04,8.878613729779362418e-02
1.239999999999999991e+00,2.415556406219681717e-03,6.563993474876318778e-04,8.878938733309561793e-02
1.245000000000000107e+00,2.409096997297735607e-03,6.553569676513972203e-04,8.879245075852930380e-02
1.250000000000000000e+00,2.402794438587224461e-03,6.543395920566812260e-04,8.879533218779564474e-02
1.255000000000000115e+00,2.396644857215721007e-03,6.533466029269942082e-04,8.879803612064217366e-02
1.260000000000000009e+00,2.390644475960889987e-03,6.523773975746310861e-04,8.880056694562900310e-02
1.265000000000000124e+00,2.384789610720591726e-03,6.514313883154830174e-04,8.880292894293127792e-02
1.270000000000000018e+00,2.379076668334813641e-03,6.505080022087354188e-04,8.880512628703707279e-02
1.275000000000000133e+00,2.373502144493605873e-03,6.496066804899149061e-04,8.880716304931406124e-02
1.280000000000000027e+00,2.368062621489814678e-03,6.487268780237068775e-04,8.880904320053173429e-02
1.284999999999999920e+00,2.362754765917481244e-03,6.478680630451401920e-04,8.881077061343183032e-02
1.290000000000000036e+00,2.357575326659703836e-03,6.470297170589944585e-04,8.881234906510852845e-02
1.294999999999999929e+00,2.352521132947189494e-03,6.462113345455907168e-04,8.881378223932968885e-02
1.300000000000000044e+00,2.347589092310828438e-03,6.454124224393950355e-04,8.881507372889366203e-02
1.304999999999999938e+00,2.342776188615708528e-03,6.446324996966026899e-04,8.881622703788809303e-02
1.310000000000000053e+00,2.338079480230045252e-03,6.438710971235609998e-04,8.881724558384432311e-02
1.314999999999999947e+00,2.333496098201338128e-03,6.431277572619912425e-04,8.881813269985852632e-02
1.320000000000000062e+00,2.329023244365033361e-03,6.424020340603339057e-04,8.881889163674568100e-02
1.324999999999999956e+00,2.324658189631049424e-03,6.416934924132641728e-04,8.881952556503673601e-02
1.330000000000000071e+00,2.320398272364905361e-03,6.410017078359038067e-04,8.882003757692663592e-02
1.334999999999999964e+00,2.316240896684543683e-03,6.403262663429311980e-04,8.882043068825662413e-02
1.340000000000000080e+00,2.312183530762996261e-03,6.396667643153533013e-04,8.882070784040496658e-02
1.344999999999999973e+00,2.308223705248616323e-03,6.390228081633488998e-04,8.882087190209680960e-02
1.350000000000000089e+00,2.304359011808016552e-03,6.383940139190641709e-04,8.882092567118485271e-02
1.354999999999999982e+00,2.300587101615552115e-03,6.377800069998166427e-04,8.882087187645756887e-02
1.360000000000000098e+00,2.296905683846180764e-03,6.371804221391076271e-04,8.882071317931415633e-02
1.364999999999999991e+00,2.293312524200161618e-03,6.365949032213404774e-04,8.882045217539905058e-02
1.370000000000000107e+00,2.289805443515461995e-03,6.360231029246826576e-04,8.882009139626940997e-02
1.375000000000000000e+00,2.286382316489181214e-03,6.354646823914469238e-04,8.881963331097783576e-02
1.380000000000000115e+00,2.283041070350216948e-03,6.349193110924285753e-04,8.881908032759154581e-02
1.385000000000000009e+00,2.279779683481279393e-03,6.343866667579055275e-04,8.881843479469046787e-02
1.390000000000000124e+00,2.276596184106710434e-03,6.338664351590005954e-04,8.881769900288270791e-02
1.395000000000000018e+00,2.273488649165101173e-03,6.333583097817048349e-04,8.881687518620924593e-02
1.400000000000000133e+00,2.270455203162211662e-03,6.328619915915829029e-04,8.881596552351668505e-02
1.405000000000000027e+00,2.267494016899398654e-03,6.323771889450913912e-04,8.881497213985904693e-02
1.409999999999999920e+00,2.264603306280385184e-03,6.319036174948190147e-04,8.881389710782328084e-02
1.415000000000000036e+00,2.261781331256158389e-03,6.314409999551036769e-04,8.881274244880441038e-02
1.419999999999999929e+00,2.259026394802003072e-03,6.309890658230285455e-04,8.881151013426528962e-02
1.425000000000000044e+00,2.256336841806981606e-03,6.305475512132742086e-04,8.881020208700690644e-02
1.429999999999999938e+00,2.253711057999480474e-03,6.301161987975260849e-04,8.880882018234753650e-02
1.435000000000000053e+00,2.251147468950226958e-03,6.296947576810522093e-04,8.880736624927441925e-02
1.439999999999999947e+00,2.248644539108317179e-03,6.292829831629351755e-04,8.880584207162273147e-02
1.445000000000000062e+00,2.246200770867804765e-03,6.288806365178768818e-04,8.880424938918547728e-02
1.449999999999999956e+00,2.243814703611735940e-03,6.284874848918145821e-04,8.880258989878421494e-02
1.455000000000000071e+00,2.241484912768894073e-03,6.281033012351008556e-04,8.880086525532826514e-02
1.459999999999999964e+00,2.239210008914955738e-03,6.277278641519043467e-04,8.879907707287945651e-02
1.465000000000000080e+00,2.236988636953797082e-03,6.273609576903631940e-04,8.879722692564150088e-02
1.469999999999999973e+00,2.234819475283201986e-03,6.270023711807817335e-04,8.879531634892737224e-02
1.475000000000000089e+00,2.232701234915188127e-03,6.266518991544783998e-04,8.879334684014963952e-02
1.479999999999999982e+00,2.230632658665378937e-03,6.263093412672757470e-04,8.879131985975094454e-02
1.485000000000000098e+00,2.228612520397021523e-03,6.259745021487042984e-04,8.878923683210193651e-02
1.489999999999999991e+00,2.226639624270660214e-03,6.256471912200826371e-04,8.878709914639321132e-02
1.495000000000000107e+00,2.224712803969782892e-03,6.253272225701565984e-04,8.878490815752654308e-02
1.500000000000000000e+00,2.222830921969443357e-03,6.250144148954092779e-04,8.878266518694569176e-02
1.505000000000000115e+00,2.220992868833241221e-03,6.247085914149549555e-04,8.878037152344900318e-02
1.510000000000000009e+00,2.219197562509637837e-03,6.244095797178996930e-04,8.877802842402100769e-02
1.515000000000000124e+00,2.217443947671533626e-03,6.241172116140903878e-04,8.877563711461265716e-02
1.520000000000000018e+00,2.215730995062579600e-03,6.238313230472293048e-04,8.877319879089461130e-02
1.525000000000000133e+00,2.214057700837626392e-03,6.235517540387964294e-04,8.877071461900727656e-02
1.530000000000000027e+00,2.212423085916998596e-03,6.232783485913657388e-04,8.876818573630852749e-02
1.535000000000000142e+00,2.210826195399174209e-03,6.230109545516351226e-04,8.876561325207005249e-02
1.540000000000000036e+00,2.209266097982815098e-03,6.227494234924742939e-04,8.876299824816007156e-02
1.544999999999999929e+00,2.207741885356824790e-03,6.224936106446870556e-04,8.876034177974255479e-02
1.550000000000000044e+00,2.206252671624958465e-03,6.222433748427160828e-04,8.875764487593007512e-02
1.554999999999999938e+00,2.204797592762485457e-03,6.219985784275208502e-04,8.875490854041701017e-02
1.560000000000000053e+00,2.203375806087755611e-03,6.217590871222407854e-04,8.875213375210998235e-02
1.564999999999999947e+00,2.201986489728325561e-03,6.215247699389814208e-04,8.874932146575442715e-02
1.570000000000000062e+00,2.200628842105023780e-03,6.212954991306811293e-04,8.874647261251916719e-02
1.574999999999999956e+00,2.199302081428375528e-03,6.210711501335707809e-04,8.874358810056967584e-02
1.580000000000000071e+00,2.198005445200853017e-03,6.208516014657580132e-04,8.874066881565570442e-02
1.584999999999999964e+00,2.196738189759123942e-03,6.206367346231101041e-04,8.873771562165805316e-02
1.590000000000000080e+00,2.195499589814677629e-03,6.204264340130086772e-04,8.873472936112036802e-02
1.594999999999999973e+00,2.194288937983243561e-03,6.202205869115336905e-04,8.873171085577961914e-02
1.600000000000000089e+00,2.193105544329982445e-03,6.200190833984992348e-04,8.872866090709054243e-02
1.604999999999999982e+00,2.191948735958258298e-03,6.198218162650821110e-04,8.872558029671674673e-02
1.610000000000000098e+00,2.190817856603180167e-03,6.196286809302541283e-04,8.872246978701192610e-02
1.614999999999999991e+00,2.189712266199374952e-03,6.194395753886536640e-04,8.871933012151374254e-02
1.620000000000000107e+00,2.188631340475596845e-03,6.192544001707248622e-04,8.871616202540229257e-02
1.625000000000000000e+00,2.187574470573881800e-03,6.190730582772151257e-04,8.871296620594561200e-02
1.630000000000000115e+00,2.186541062675774472e-03,6.188954550944925298e-04,8.870974335294677660e-02
1.635000000000000009e+00,2.185530537626267488e-03,6.187214983280515945e-04,8.870649413918303694e-02
1.640000000000000124e+00,2.184542330569581945e-03,6.185510979648475589e-04,8.870321922081768340e-02
1.645000000000000018e+00,2.183575890595648977e-03,6.183841662319095652e-04,8.869991923780515264e-02
1.650000000000000133e+00,2.182630680389726838e-03,6.182206175282032147e-04,8.869659481430487713e-02
1.655000000000000027e+00,2.181706175908607395e-03,6.180603683537425020e-04,8.869324655906594967e-02
1.660000000000000142e+00,2.180801866056270109e-03,6.179033372607531209e-04,8.868987506580142122e-02
1.665000000000000036e+00,2.179917252352481325e-03,6.177494448199221180e-04,8.868648091356390317e-02
1.669999999999999929e+00,2.179051848615449604e-03,6.175986135756033214e-04,8.868306466711357861e-02
1.675000000000000044e+00,2.178205180670047397e-03,6.174507679842288019e-04,8.867962687726414772e-02
1.679999999999999938e+00,2.177376786059025560e-03,6.173058343562214416e-04,8.867616808122286143e-02
1.685000000000000053e+00,2.176566213739438479e-03,6.171637408161794510e-04,8.867268880293840971e-02
1.689999999999999947e+00,2.175773023800187719e-03,6.170244172728364890e-04,8.866918955342312225e-02
1.695000000000000062e+00,2.174996787192913072e-03,6.168877953749302969e-04,8.866567083106705049e-02
1.699999999999999956e+00,2.174237085464812182e-03,6.167538084541579436e-04,8.866213312195446450e-02
1.705000000000000071e+00,2.173493510495201533e-03,6.166223914778610257e-04,8.865857690017139858e-02
1.709999999999999964e+00,2.172765664240844299e-03,6.164934810194603416e-04,8.865500262809673793e-02
1.715000000000000080e+00,2.172053158486841450e-03,6.163670152286511742e-04,8.865141075668762916e-02
1.719999999999999973e+00,2.171355614598040676e-03,6.162429337859744605e-04,8.864780172577113593e-02
1.725000000000000089e+00,2.170672663290178651e-03,6.161211778545171028e-04,8.864417596431539703e-02
1.729999999999999982e+00,2.170003944402800963e-03,6.160016900438089037e-04,8.864053389069211086e-02
1.735000000000000098e+00,2.169349106665932701e-03,6.158844143837026181e-04,8.863687591294376611e-02
1.739999999999999991e+00,2.168707807476960917e-03,6.157692962936853935e-04,8.863320242904068613e-02
1.745000000000000107e+00,2.168079712693296145e-03,6.156562825417050003e-04,8.862951382712543069e-02
1.750000000000000000e+00,2.167464496428622191e-03,6.155453212034999984e-04,8.862581048575277065e-02
1.755000000000000115e+00,2.166861840840588523e-03,6.154363616326785765e-04,8.862209277413481134e-02
1.760000000000000009e+00,2.166271435932115054e-03,6.153293544384622667e-04,8.861836105236761685e-02
1.765000000000000124e+00,2.165692979360960696e-03,6.152242514558817687e-04,8.861461567165200559e-02
1.770000000000000018e+00,2.165126176249869156e-03,6.151210057069781247e-04,8.861085697451866194e-02
1.775000000000000133e+00,2.164570739002693017e-03,6.150195713671716352e-04,8.860708529504272846e-02
1.780000000000000027e+00,2.164026387125404967e-03,6.149199037427968651e-04,8.860330095904928038e-02
1.785000000000000142e+00,2.163492847049863776e-03,6.148219592497477636e-04,8.859950428431556668e-02
1.790000000000000036e+00,2.162969851958043872e-03,6.147256953828011397e-04,8.859569558077552698e-02
1.794999999999999929e+00,2.162457141621142338e-03,6.146310706825107656e-04,8.859187515071111074e-02
1.800000000000000044e+00,2.161954462240084536e-03,6.145380447089648056e-04,8.858804328893696289e-02
1.804999999999999938e+00,2.161461566280491187e-03,6.144465780220804410e-04,8.858420028298943927e-02
1.810000000000000053e+00,2.160978212316027637e-03,6.143566321603367028e-04,8.858034641330733705e-02
1.814999999999999947e+00,2.160504164881936820e-03,6.142681696129201254e-04,8.857648195340375730e-02
1.820000000000000062e+00,2.160039194331071517e-03,6.141811537913407669e-04,8.857260717003559436e-02
1.824999999999999956e+00,2.159583076684754976e-03,6.140955490074635629e-04,8.856872232337643924e-02
1.830000000000000071e+00,2.159135593493019013e-03,6.140113204570970835e-04,8.856482766717599375e-02
1.834999999999999964e+00,2.158696531700344222e-03,6.139284341995159900e-04,8.856092344891539070e-02
1.840000000000000080e+00,2.158265683511080557e-03,6.138468571309736504e-04,8.855700990996656641e-02
1.844999999999999973e+00,2.157842846260495800e-03,6.137665569610653397e-04,8.855308728574289023e-02
1.850000000000000089e+00,2.157427822288778257e-03,6.136875021959776414e-04,8.854915580584400703e-02
1.854999999999999982e+00,2.157020418816676596e-03,6.136096621230039804e-04,8.854521569419833427e-02
1.860000000000000098e+00,2.156620447821600266e-03,6.135330067896436991e-04,8.854126716920793227e-02
1.864999999999999991e+00,2.156227725924249241e-03,6.134575069809828892e-04,8.853731044388202243e-02
1.870000000000000107e+00,2.155842074276150596e-03,6.133831342008423931e-04,8.853334572596774366e-02
1.875000000000000000e+00,2.155463318443255095e-03,6.133098606570355814e-04,8.852937321808417026e-02
1.880000000000000115e+00,2.155091288296159119e-03,6.132376592464458282e-04,8.852539311784798914e-02
1.885000000000000009e+00,2.154725817906583737e-03,6.131665035361161817e-04,8.852140561799583252e-02
1.890000000000000124e+00,2.154366745445312689e-03,6.130963677435487605e-04,8.851741090650373789e-02
1.895000000000000018e+00,2.154013913077575549e-03,6.130272267207306607e-04,8.851340916670821790e-02
1.900000000000000133e+00,2.153667166864919186e-03,6.129590559420118167e-04,8.850940057741919775e-02
1.905000000000000027e+00,2.153326356670481022e-03,6.128918314899288412e-04,8.850538531302901135e-02
1.910000000000000142e+00,2.152991336063512454e-03,6.128255300371302904e-04,8.850136354362542201e-02
1.915000000000000036e+00,2.152661962228872260e-03,6.127601288298304381e-04,8.849733543509696876e-02
1.919999999999999929e+00,2.152338095878504089e-03,6.126956056754145679e-04,8.849330114923542601e-02
1.925000000000000044e+00,2.152019601163603513e-03,6.126319389311884241e-04,8.848926084383616775e-02
1.929999999999999938e+00,2.151706345587411744e-03,6.125691074901096775e-04,8.848521467280048847e-02
1.935000000000000053e+00,2.151398199925038009e-03,6.125070907652986878e-04,8.848116278622911168e-02
1.939999999999999947e+00,2.151095038144364407e-03,6.124458686765651234e-04,8.847710533051482418e-02
1.945000000000000062e+00,2.150796737323982643e-03,6.123854216394803958e-04,8.847304244843687271e-02
1.949999999999999956e+00,2.150503177576179245e-03,6.123257305548646936e-04,8.846897427924950430e-02
1.955000000000000071e+00,2.150214241973717223e-03,6.122667767959144667e-04,8.846490095876766158e-02
1.959999999999999964e+00,2.149929816477579633e-03,6.122085421945071097e-04,8.846082261945188707e-02
1.965000000000000080e+00,2.149649789863595541e-03,6.121510090296630995e-04,8.845673939049342183e-02
1.969999999999999973e+00,2.149374053653490841e-03,6.120941600186655118e-04,8.845265139789344755e-02
1.975000000000000089e+00,2.149102502047998183e-03,6.120379783071892279e-04,8.844855876454026100e-02
1.979999999999999982e+00,2.148835031859212298e-03,6.119824474569222732e-04,8.844446161028886311e-02
1.985000000000000098e+00,2.148571542447104323e-03,6.119275514339948862e-04,8.844036005203519124e-02
1.989999999999999991e+00,2.148311935657274720e-03,6.118732745999132033e-04,8.843625420378796453e-02
1.995000000000000107e+00,2.148056115758857978e-03,6.118196017033968427e-04,8.843214417674025163e-02
2.000000000000000000e+00,2.147803989383146803e-03,6.117665178705778252e-04,8.842803007934042780e-02
2.004999999999999893e+00,2.147555465467055301e-03,6.117140085943711643e-04,8.842391201735909367e-02
2.010000000000000231e+00,2.147310455197349796e-03,6.116620597248850983e-04,8.841979009395373179e-02
2.015000000000000124e+00,2.147068871952817915e-03,6.116106574614105706e-04,8.841566440973545882e-02
2.020000000000000018e+00,2.146830631250196825e-03,6.115597883449904338e-04,8.841153506283154495e-02
2.024999999999999911e+00,2.146595650692476303e-03,6.115094392495924172e-04,8.840740214894524107e-02
2.030000000000000249e+00,2.146363849917696208e-03,6.114595973725856035e-04,8.840326576141648018e-02
2.035000000000000142e+00,2.146135150547529707e-03,6.114102502264904095e-04,8.839912599128116333e-02
2.040000000000000036e+00,2.145909476138761329e-03,6.113613856324929966e-04,8.839498292732721196e-02
2.044999999999999929e+00,2.145686752136052606e-03,6.113129917135305550e-04,8.839083665614889951e-02
2.049999999999999822e+00,2.145466905824136138e-03,6.112650568857808586e-04,8.838668726220308414e-02
2.055000000000000160e+00,2.145249866283201103e-03,6.112175698505940662e-04,8.838253482786143089e-02
2.060000000000000053e+00,2.145035564345088453e-03,6.111705195879160593e-04,8.837837943346082969e-02
2.064999999999999947e+00,2.144823932549409784e-03,6.111238953503707588e-04,8.837422115735428518e-02
2.069999999999999840e+00,2.144614905100426447e-03,6.110776866564904741e-04,8.837006007596061308e-02
2.075000000000000178e+00,2.144408417827120550e-03,6.110318832834028520e-04,8.836589626381144424e-02
2.080000000000000071e+00,2.144204408143867910e-03,6.109864752600482158e-04,8.836172979359721569e-02
2.084999999999999964e+00,2.144002815009688097e-03,6.109414528613374504e-04,8.835756073621391093e-02
2.089999999999999858e+00,2.143803578890283047e-03,6.108968066028865745e-04,8.835338916080701099e-02
2.095000000000000195e+00,2.143606641721567101e-03,6.108525272349326317e-04,8.834921513481423794e-02
2.100000000000000089e+00,2.143411946873364452e-03,6.108086057357142024e-04,8.834503872400746582e-02
2.104999999999999982e+00,2.143219439113359416e-03,6.107650333056038102e-04,8.834085999253525612e-02
2.109999999999999876e+00,2.143029064572952308e-03,6.107218013623914258e-04,8.833667900296181263e-02
2.115000000000000213e+00,2.142840770713928897e-03,6.106789015364144473e-04,8.833249581630576996e-02
2.120000000000000107e+00,2.142654506294680572e-03,6.106363256646921665e-04,8.832831049207945373e-02
2.125000000000000000e+00,2.142470221338817985e-03,6.105940657853116621e-04,8.832412308832569836e-02
2.129999999999999893e+00,2.142287867104385353e-03,6.105521141326852820e-04,8.831993366165361015e-02
2.135000000000000231e+00,2.142107396052794592e-03,6.105104631332588291e-04,8.831574226727406662e-02
2.140000000000000124e+00,2.141928761818576079e-03,6.104691054008244471e-04,8.831154895903518820e-02
2.145000000000000018e+00,2.141751919181185057e-03,6.104280337314799479e-04,8.830735378945515912e-02
2.149999999999999911e+00,2.141576824037226112e-03,6.103872410988351194e-04,8.830315680975457659e-02
2.155000000000000249e+00,2.141403433371773420e-03,6.103467206497898432e-04,8.829895806988959095e-02
2.160000000000000142e+00,2.141231705231720194e-03,6.103064657007851394e-04,8.829475761858308902e-02
2.165000000000000036e+00,2.141061598700023244e-03,6.102664697335988481e-04,8.829055550335385139e-02
2.169999999999999929e+00,2.140893073869981362e-03,6.102267263907396131e-04,8.828635177054731942e-02
2.175000000000000266e+00,2.140726091819977750e-03,6.101872294712894001e-04,8.828214646536487742e-02
2.180000000000000160e+00,2.140560614589437187e-03,6.101479729274917295e-04,8.827793963189142779e-02
2.185000000000000053e+00,2.140396605155292769e-03,6.101089508613038049e-04,8.827373131312257759e-02
2.189999999999999947e+00,2.140234027408130426e-03,6.100701575203521139e-04,8.826952155099268560e-02
2.194999999999999840e+00,2.140072846130125408e-03,6.100315872940183497e-04,8.826531038640056392e-02
2.200000000000000178e+00,2.139913026973382527e-03,6.099932347100416302e-04,8.826109785923451356e-02
2.205000000000000071e+00,2.139754536437942466e-03,6.099550944314122581e-04,8.825688400839772074e-02
2.209999999999999964e+00,2.139597341850584325e-03,6.099171612531183563e-04,8.825266887183282061e-02
2.214999999999999858e+00,2.139441411344894951e-03,6.098794300986574470e-04,8.824845248654550334e-02
2.220000000000000195e+00,2.139286713841669595e-03,6.098418960166575352e-04,8.824423488862692677e-02
2.225000000000000089e+00,2.139133219028730576e-03,6.098045541778448131e-04,8.824001611327736416e-02
2.229999999999999982e+00,2.138980897342169282e-03,6.097673998723651375e-04,8.823579619482779801e-02
2.234999999999999876e+00,2.138829719948230450e-03,6.097304285068791277e-04,8.823157516676077838e-02
2.240000000000000213e+00,2.138679658725042062e-03,6.096936356013393744e-04,8.822735306173229430e-02
2.245000000000000107e+00,2.138530686244931572e-03,6.096570167860667798e-04,8.822312991159164675e-02
2.250000000000000000e+00,2.138382775757493703e-03,6.096205677992837810e-04,8.821890574740172408e-02
2.254999999999999893e+00,2.138235901172961823e-03,6.095842844846764133e-04,8.821468059945768159e-02
2.260000000000000231e+00,2.138090037045392404e-03,6.095481627885861176e-04,8.821045449730681443e-02
2.265000000000000124e+00,2.137945158557140544e-03,6.095121987572903448e-04,8.820622746976669593e-02
2.270000000000000018e+00,2.137801241503605246e-03,6.094763885345768706e-04,8.820199954494274686e-02
2.274999999999999911e+00,2.137658262277678922e-03,6.094407283595015563e-04,8.819777075024638757e-02
2.280000000000000249e+00,2.137516197854876909e-03,6.094052145641162951e-04,8.819354111241201055e-02
2.285000000000000142e+00,2.137375025779274067e-03,6.093698435710565540e-04,8.818931065751361986e-02
2.290000000000000036e+00,2.137234724149644771e-03,6.093346118911631762e-04,8.818507941098109593e-02
2.294999999999999929e+00,2.137095271605273308e-03,6.092995161213066039e-04,8.818084739761626600e-02
2.300000000000000266e+00,2.136956647312773447e-03,6.092645529424865975e-04,8.817661464160839180e-02
2.305000000000000160e+00,2.136818830953300490e-03,6.092297191177996818e-04,8.817238116654910196e-02
2.310000000000000053e+00,2.136681802709614140e-03,6.091950114901980998e-04,8.816814699544708867e-02
2.314999999999999947e+00,2.136545543253685203e-03,6.091604269804300458e-04,8.816391215074317889e-02
2.319999999999999840e+00,2.136410033734762858e-03,6.091259625852671030e-04,8.815967665432349054e-02
2.325000000000000178e+00,2.136275255767634915e-03,6.090916153757720136e-04,8.815544052753344906e-02
2.330000000000000071e+00,2.136141191420774452e-03,6.090573824953515606e-04,8.815120379119134597e-02
2.334999999999999964e+00,2.136007823205412787e-03,6.090232611578609481e-04,8.814696646560127302e-02
2.339999999999999858e+00,2.135875134064795042e-03,6.089892486458775350e-04,8.814272857056551502e-02
2.345000000000000195e+00,2.135743107363183724e-03,6.089553423090883011e-04,8.813849012539726191e-02
2.350000000000000089e+00,2.135611726875437377e-03,6.089215395627030087e-04,8.813425114893259915e-02
2.354999999999999982e+00,2.135480976777074952e-03,6.088878378857752070e-04,8.813001165954238714e-02
2.359999999999999876e+00,2.135350841634482428e-03,6.088542348195308263e-04,8.812577167514322463e-02
2.365000000000000213e+00,2.135221306394931642e-03,6.088207279658200454e-04,8.812153121320957794e-02
2.370000000000000107e+00,2.135092356377322077e-03,6.087873149857588951e-04,8.811729029078398112e-02
2.375000000000000000e+00,2.134963977263146847e-03,6.087539935983111213e-04,8.811304892448773574e-02
2.379999999999999893e+00,2.134836155087346810e-03,6.087207615787235734e-04,8.810880713053172164e-02
2.385000000000000231e+00,2.134708876229612223e-03,6.086876167570793358e-04,8.810456492472620860e-02
2.390000000000000124e+00,2.134582127405977581e-03,6.086545570170287783e-04,8.810032232249091766e-02
2.395000000000000018e+00,2.134455895660529196e-03,6.086215802945560589e-04,8.809607933886440256e-02
2.399999999999999911e+00,2.134330168357058150e-03,6.085886845766256062e-04,8.809183598851377806e-02
2.405000000000000249e+00,2.134204933171365490e-03,6.085558678998602596e-04,8.808759228574376821e-02
2.410000000000000142e+00,2.134080178083686691e-03,6.085231283493191569e-04,8.808334824450556044e-02
2.415000000000000036e+00,2.133955891370929638e-03,6.084904640573376381e-04,8.807910387840556243e-02
2.419999999999999929e+00,2.133832061599365369e-03,6.084578732024149622e-04,8.807485920071418672e-02
2.425000000000000266e+00,2.133708677617604174e-03,6.084253540080497655e-04,8.807061422437367781e-02
2.430000000000000160e+00,2.133585728549674491e-03,6.083929047415581734e-04,8.806636896200654985e-02
2.435000000000000053e+00,2.133463203788022854e-03,6.083605237129810321e-04,8.806212342592345532e-02
2.439999999999999947e+00,2.133341092986978764e-03,6.083282092741118139e-04,8.805787762813080399e-02
2.444999999999999840e+00,2.133219386056394752e-03,6.082959598175034874e-04,8.805363158033815973e-02
2.450000000000000178e+00,2.133098073155175866e-03,6.082637737753782440e-04,8.804938529396577618e-02
2.455000000000000071e+00,2.132977144685170405e-03,6.082316496186086731e-04,8.804513878015171602e-02
2.459999999999999964e+00,2.132856591285264489e-03,6.081995858558132120e-04,8.804089204975881766e-02
2.464999999999999858e+00,2.132736403825497007e-03,6.081675810324778343e-04,8.803664511338127330e-02
2.470000000000000195e+00,2.132616573401203627e-03,6.081356337300135523e-04,8.803239798135152616e-02
2.475000000000000089e+00,2.132497091327595785e-03,6.081037425648346288e-04,8.802815066374664044e-02
2.479999999999999982e+00,2.132377949134412962e-03,6.080719061874907813e-04,8.802390317039461565e-02
2.484999999999999876e+00,2.132259138560452672e-03,6.080401232818411286e-04,8.801965551088040962e-02
2.490000000000000213e+00,2.132140651548420068e-03,6.080083925642676022e-04,8.801540769455222513e-02
2.495000000000000107e+00,2.132022480240002189e-03,6.079767127828697090e-04,8.801115973052708874e-02
2.500000000000000000e+00,2.131904616970947859e-03,6.079450827166264434e-04,8.800691162769654075e-02
2.504999999999999893e+00,2.131787054266154509e-03,6.079135011746268288e-04,8.800266339473249155e-02
2.510000000000000231e+00,2.131669784835081571e-03,6.078819669953786304e-04,8.799841504009246751e-02
2.515000000000000124e+00,2.131552801567251042e-03,6.078504790461068761e-04,8.799416657202474568e-02
2.520000000000000018e+00,2.131436097527677782e-03,6.078190362219930724e-04,8.798991799857383556e-02
2.524999999999999911e+00,2.131319665952583452e-03,6.077876374454641841e-04,8.798566932758535020e-02
2.530000000000000249e+00,2.131203500245222333e-03,6.077562816655421134e-04,8.798142056671073852e-02
2.535000000000000142e+00,2.131087593971744444e-03,6.077249678572244030e-04,8.797717172341243397e-02
2.540000000000000036e+00,2.130971940857062132e-03,6.076936950208221147e-04,8.797292280496828154e-02
2.544999999999999929e+00,2.130856534781028905e-03,6.076624621813188484e-04,8.796867381847622847e-02
2.550000000000000266e+00,2.130741369774680725e-03,6.076312683877556743e-04,8.796442477085858469e-02
2.555000000000000160e+00,2.130626440016362370e-03,6.076001127126417611e-04,8.796017566886643602e-02
2.560000000000000053e+00,2.130511739828120071e-03,6.075689942514043594e-04,8.795592651908430704e-02
2.564999999999999947e+00,2.130397263672220796e-03,6.075379121218173195e-04,8.795167732793338078e-02
2.569999999999999840e+00,2.130283006147672391e-03,6.075068654634238619e-04,8.794742810167618940e-02
2.575000000000000178e+00,2.130168961986787096e-03,6.074758534369834170e-04,8.794317884642045835e-02
2.580000000000000071e+00,2.130055126051927632e-03,6.074448752239841685e-04,8.793892956812278394e-02
2.584999999999999964e+00,2.129941493332350878e-03,6.074139300261486565e-04,8.793468027259239428e-02
2.589999999999999858e+00,2.129828058940973472e-03,6.073830170649013264e-04,8.793043096549482684e-02
2.595000000000000195e+00,2.129714818111362075e-03,6.073521355808687112e-04,8.792618165235559224e-02
2.600000000000000089e+00,2.129601766194799510e-03,6.073212848334211397e-04,8.792193233856325507e-02
2.604999999999999982e+00,2.129488898657340944e-03,6.072904641002268037e-04,8.791768302937318091e-02
2.609999999999999876e+00,2.129376211076934675e-03,6.072596726767929241e-04,8.791343372991081151e-02
2.615000000000000213e+00,2.129263699140707729e-03,6.072289098760149393e-04,8.790918444517459296e-02
2.620000000000000107e+00,2.129151358642324306e-03,6.071981750277440169e-04,8.790493518003936191e-02
2.625000000000000000e+00,2.129039185479252288e-03,6.071674674783672510e-04,8.790068593925937090e-02
2.629999999999999893e+00,2.128927175650227946e-03,6.071367865904178911e-04,8.789643672747114722e-02
2.635000000000000231e+00,2.128815325252804772e-03,6.071061317421798257e-04,8.789218754919649046e-02
2.640000000000000124e+00,2.128703630480886268e-03,6.070755023272771025e-04,8.788793840884523423e-02
2.645000000000000018e+00,2.128592087622312515e-03,6.070448977542871943e-04,8.788368931071810497e-02
2.649999999999999911e+00,2.128480693056578575e-03,6.070143174463916687e-04,8.787944025900938649e-02
2.655000000000000249e+00,2.128369443252598869e-03,6.069837608410310866e-04,8.787519125780964002e-02
2.660000000000000142e+00,2.128258334766420807e-03,6.069532273895287839e-04,8.787094231110777198e-02
2.665000000000000036e+00,2.128147364239117104e-03,6.069227165567412166e-04,8.786669342279432304e-02
2.669999999999999929e+00,2.128036528394717554e-03,6.068922278207373620e-04,8.786244459666350815e-02
2.675000000000000266e+00,2.127925824038125625e-03,6.068617606724738918e-04,8.785819583641528430e-02
2.680000000000000160e+00,2.127815248053093172e-03,6.068313146154792354e-04,8.785394714565812613e-02
2.685000000000000053e+00,2.127704797400316577e-03,6.068008891655364513e-04,8.784969852791120470e-02
2.689999999999999947e+00,2.127594469115559779e-03,6.067704838503804087e-04,8.784544998660649695e-02
2.694999999999999840e+00,2.127484260307740873e-03,6.067400982093948620e-04,8.784120152509089507e-02
2.700000000000000178e+00,2.127374168157136237e-03,6.067097317933418336e-04,8.783695314662866294e-02
2.705000000000000071e+00,2.127264189913665761e-03,6.066793841640815647e-04,8.783270485440272668e-02
2.709999999999999964e+00,2.127154322895134699e-03,6.066490548942866110e-04,8.782845665151740866e-02
2.714999999999999858e+00,2.127044564485553162e-03,6.066187435671676481e-04,8.782420854100038421e-02
2.720000000000000195e+00,2.126934912133513714e-03,6.065884497762249724e-04,8.781996052580365308e-02
2.725000000000000089e+00,2.126825363350626219e-03,6.065581731250061816e-04,8.781571260880668972e-02
2.729999999999999982e+00,2.126715915709898909e-03,6.065279132268420635e-04,8.781146479281722039e-02
2.734999999999999876e+00,2.126606566844254764e-03,6.064976697046030839e-04,8.780721708057358244e-02
2.740000000000000213e+00,2.126497314445084316e-03,6.064674421904678011e-04,8.780296947474598712e-02
2.745000000000000107e+00,2.126388156260759863e-03,6.064372303256977854e-04,8.779872197793879562e-02
2.750000000000000000e+00,2.126279090095216460e-03,6.064070337604110213e-04,8.779447459269139331e-02
2.754999999999999893e+00,2.126170113806623557e-03,6.063768521533646327e-04,8.779022732148067387e-02
2.760000000000000231e+00,2.126061225306036251e-03,6.063466851717356576e-04,8.778598016672153892e-02
2.765000000000000124e+00,2.125952422556060418e-03,6.063165324909129900e-04,8.778173313076943762e-02
2.770000000000000018e+00,2.125843703569599806e-03,6.062863937942994039e-04,8.777748621592111611e-02
2.774999999999999911e+00,2.125735066408623516e-03,6.062562687731213847e-04,8.777323942441654647e-02
2.780000000000000249e+00,2.125626509182944757e-03,6.062261571262238897e-04,8.776899275844003701e-02
2.785000000000000142e+00,2.125518030049023885e-03,6.061960585598773600e-04,8.776474622012166160e-02
2.790000000000000036e+00,2.125409627208841700e-03,6.061659727876055493e-04,8.776049981153868917e-02
2.794999999999999929e+00,2.125301298908777951e-03,6.061358995300099913e-04,8.775625353471661061e-02
2.800000000000000266e+00,2.125193043438480724e-03,6.061058385145864447e-04,8.775200739163106778e-02
2.805000000000000160e+00,2.125084859129825615e-03,6.060757894755541310e-04,8.774776138420831151e-02
2.810000000000000053e+00,2.124976744355882696e-03,6.060457521536921285e-04,8.774351551432683916e-02
2.814999999999999947e+00,2.124868697529873514e-03,6.060157262961778264e-04,8.773926978381847708e-02
2.819999999999999840e+00,2.124760717104186639e-03,6.059857116564324256e-04,8.773502419446957412e-02
2.825000000000000178e+00,2.124652801569414454e-03,6.059557079939622117e-04,8.773077874802211185e-02
2.830000000000000071e+00,2.124544949453429851e-03,6.059257150742103446e-04,8.772653344617485638e-02
2.834999999999999964e+00,2.124437159320425195e-03,6.058957326684033355e-04,8.772228829058421884e-02
2.839999999999999858e+00,2.124329429770034118e-03,6.058657605534167141e-04,8.771804328286539332e-02
2.845000000000000195e+00,2.124221759436478903e-03,6.058357985116391781e-04,8.771379842459370302e-02
2.850000000000000089e+00,2.124114146987683607e-03,6.058058463308273103e-04,8.770955371730503047e-02
2.854999999999999982e+00,2.124006591124453103e-03,6.057759038039721130e-04,8.770530916249713593e-02
2.859999999999999876e+00,2.123899090579663834e-03,6.057459707291746502e-04,8.770106476163068432e-02
2.865000000000000213e+00,2.123791644117482315e-03,6.057160469095221236e-04,8.769682051612977258e-02
2.870000000000000107e+00,2.123684250532568030e-03,6.056861321529630800e-04,8.769257642738327585e-02
2.875000000000000000e+00,2.123576908649333576e-03,6.056562262721815366e-04,8.768833249674518049e-02
2.879999999999999893e+00,2.123469617321222577e-03,6.056263290844866084e-04,8.768408872553624944e-02
2.885000000000000231e+00,2.123362375429971131e-03,6.055964404116934629e-04,8.767984511504396672e-02
2.890000000000000124e+00,2.123255181884920427e-03,6.055665600800190203e-04,8.767560166652374476e-02
2.895000000000000018e+00,2.123148035622332390e-03,6.055366879199676781e-04,8.767135838120010405e-02
2.899999999999999911e+00,2.123040935604730926e-03,6.055068237662273364e-04,8.766711526026668699e-02
2.905000000000000249e+00,2.122933880820247060e-03,6.054769674575614111e-04,8.766287230488768734e-02
2.910000000000000142e+00,2.122826870281979694e-03,6.054471188367151592e-04,8.765862951619791954e-02
2.915000000000000036e+00,2.122719903027401461e-03,6.054172777503179920e-04,8.765438689530405392e-02
2.919999999999999929e+00,2.122612978117739864e-03,6.053874440487804756e-04,8.765014444328547705e-02
2.925000000000000266e+00,2.122506094637385734e-03,6.053576175862052100e-04,8.764590216119431954e-02
2.930000000000000160e+00,2.122399251693334217e-03,6.053277982202928285e-04,8.764166005005644133e-02
2.935000000000000053e+00,2.122292448414633131e-03,6.052979858122604657e-04,8.763741811087231992e-02
2.939999999999999947e+00,2.122185683951810075e-03,6.052681802267468898e-04,8.763317634461707806e-02
2.944999999999999840e+00,2.122078957476366753e-03,6.052383813317314043e-04,8.762893475224201034e-02
2.950000000000000178e+00,2.121972268180261165e-03,6.052085889984517740e-04,8.762469333467430566e-02
2.955000000000000071e+00,2.121865615275386752e-03,6.051788031013206328e-04,8.762045209281811575e-02
2.959999999999999964e+00,2.121758997993090576e-03,6.051490235178524088e-04,8.761621102755495771e-02
2.964999999999999858e+00,2.121652415583689770e-03,6.051192501285830930e-04,8.761197013974408865e-02
2.970000000000000195e+00,2.121545867316012267e-03,6.050894828169971641e-04,8.760772943022367143e-02
2.975000000000000089e+00,2.121439352476925822e-03,6.050597214694502851e-04,8.760348889981069143e-02
2.979999999999999982e+00,2.121332870370893058e-03,6.050299659751047932e-04,8.759924854930173366e-02
2.984999999999999876e+00,2.121226420319559901e-03,6.050002162258596604e-04,8.759500837947349627e-02
2.990000000000000213e+00,2.121120001661297612e-03,6.049704721162783936e-04,8.759076839108299872e-02
2.995000000000000107e+00,2.121013613750813345e-03,6.049407335435257179e-04,8.758652858486862258e-02
3.000000000000000000e+00,2.120907255958740748e-03,6.049110004073043672e-04,8.758228896154984788e-02
3.004999999999999893e+00,2.120800927671252691e-03,6.048812726097917668e-04,8.757804952182858538e-02
3.010000000000000231e+00,2.120694628289653168e-03,6.048515500555785591e-04,8.757381026638878796e-02
3.015000000000000124e+00,2.120588357230035990e-03,6.048218326516084306e-04,8.756957119589747762e-02
3.020000000000000018e+00,2.120482113922900983e-03,6.047921203071219502e-04,8.756533231100477321e-02
3.024999999999999911e+00,2.120375897812803133e-03,6.047624129335972629e-04,8.756109361234457045e-02
3.030000000000000249e+00,2.120269708358001742e-03,6.047327104446971816e-04,8.755685510053470844e-02
3.035000000000000142e+00,2.120163545030126495e-03,6.047030127562146506e-04,8.755261677617760807e-02
3.040000000000000036e+00,2.120057407313852196e-03,6.046733197860190787e-04,8.754837863986042468e-02
3.044999999999999929e+00,2.119951294706563533e-03,6.046436314540065736e-04,8.754414069215578353e-02
3.050000000000000266e+00,2.119845206718048037e-03,6.046139476820465994e-04,8.753990293362173825e-02
3.055000000000000160e+00,2.119739142870193799e-03,6.045842683939398011e-04,8.753566536480233973e-02
3.060000000000000053e+00,2.119633102696686765e-03,6.045545935153641198e-04,8.753142798622791376e-02
3.064999999999999947e+00,2.119527085742714534e-03,6.045249229738303403e-04,8.752719079841528305e-02
3.070000000000000284e+00,2.119421091564694434e-03,6.044952566986374221e-04,8.752295380186855822e-02
3.075000000000000178e+00,2.119315119729985996e-03,6.044655946208285892e-04,8.751871699707879093e-02
3.080000000000000071e+00,2.119209169816623373e-03,6.044359366731474198e-04,8.751448038452490363e-02
3.084999999999999964e+00,2.119103241413053829e-03,6.044062827899965382e-04,8.751024396467341204e-02
3.089999999999999858e+00,2.118997334117879265e-03,6.043766329073963070e-04,8.750600773797921617e-02
3.095000000000000195e+00,2.118891447539608588e-03,6.043469869629434100e-04,8.750177170488596112e-02
3.100000000000000089e+00,2.118785581296402272e-03,6.043173448957746404e-04,8.749753586582564857e-02
3.104999999999999982e+00,2.118679735015845545e-03,6.042877066465270021e-04,8.749330022121956651e-02
3.109999999999999876e+00,2.118573908334719837e-03,6.042580721573037736e-04,8.748906477147834482e-02
3.115000000000000213e+00,2.118468100898756451e-03,6.042284413716325501e-04,8.748482951700216337e-02
3.120000000000000107e+00,2.118362312362431863e-03,6.041988142344344517e-04,8.748059445818101576e-02
3.125000000000000000e+00,2.118256542388748716e-03,6.041691906919892125e-04,8.747635959539494521e-02
3.129999999999999893e+00,2.118150790649023316e-03,6.041395706919014614e-04,8.747212492901448866e-02
3.135000000000000231e+00,2.118045056822673126e-03,6.041099541830659194e-04,8.746789045940069063e-02
3.140000000000000124e+00,2.117939340597034190e-03,6.040803411156371507e-04,8.746365618690522814e-02
3.145000000000000018e+00,2.117833641667156430e-03,6.040507314410013730e-04,8.745942211187117399e-02
3.149999999999999911e+00,2.117727959735601125e-03,6.040211251117397033e-04,8.745518823463249714e-02
3.155000000000000249e+00,2.117622294512274371e-03,6.039915220816053894e-04,8.745095455551481212e-02
3.160000000000000142e+00,2.117516645714241467e-03,6.039619223054896579e-04,8.744672107483551782e-02
3.165000000000000036e+00,2.117411013065540436e-03,6.039323257393949341e-04,8.744248779290389462e-02
3.169999999999999929e+00,2.117305396297016785e-03,6.039027323404099054e-04,8.743825471002120153e-02
3.175000000000000266e+00,2.117199795146160017e-03,6.038731420666803565e-04,8.743402182648100929e-02
3.180000000000000160e+00,2.117094209356930583e-03,6.038435548773829313e-04,8.742978914256942236e-02
3.185000000000000053e+00,2.116988638679605066e-03,6.038139707327006304e-04,8.742555665856518998e-02
3.189999999999999947e+00,2.116883082870618313e-03,6.037843895937978740e-04,8.742132437473987272e-02
3.195000000000000284e+00,2.116777541692411221e-03,6.037548114227959993e-04,8.741709229135802284e-02
3.200000000000000178e+00,2.116672014913290219e-03,6.037252361827498415e-04,8.741286040867757290e-02
3.205000000000000071e+00,2.116566502307264206e-03,6.036956638376234476e-04,8.740862872694950270e-02
3.209999999999999964e+00,2.116461003653925289e-03,6.036660943522709948e-04,8.740439724641858865e-02
3.214999999999999858e+00,2.116355518738297862e-03,6.036365276924102272e-04,8.740016596732320953e-02
3.220000000000000195e+00,2.116250047350706764e-03,6.036069638246046752e-04,8.739593488989558234e-02
3.225000000000000089e+00,2.116144589286644579e-03,6.035774027162411036e-04,8.739170401436191504e-02
3.229999999999999982e+00,2.116039144346654969e-03,6.035478443355101049e-04,8.738747334094250363e-02
3.234999999999999876e+00,2.115933712336190865e-03,6.035182886513848488e-04,8.738324286985206524e-02
3.240000000000000213e+00,2.115828293065506478e-03,6.034887356336036263e-04,8.737901260129966874e-02
3.245000000000000107e+00,2.115722886349531533e-03,6.034591852526497921e-04,8.737478253548891516e-02
3.250000000000000000e+00,2.115617492007763716e-03,6.034296374797334418e-04,8.737055267261790992e-02
3.254999999999999893e+00,2.115512109864146808e-03,6.034000922867738476e-04,8.736632301288008162e-02
3.260000000000000231e+00,2.115406739746964870e-03,6.033705496463813520e-04,8.736209355646361308e-02
3.265000000000000124e+00,2.115301381488736854e-03,6.033410095318405631e-04,8.735786430355153842e-02
3.270000000000000018e+00,2.115196034926107322e-03,6.033114719170948499e-04,8.735363525432232601e-02
3.274999999999999911e+00,2.115090699899751028e-03,6.032819367767273695e-04,8.734940640894979513e-02
3.280000000000000249e+00,2.114985376254267108e-03,6.032524040859487064e-04,8.734517776760315766e-02
3.285000000000000142e+00,2.114880063838089734e-03,6.032228738205782249e-04,8.734094933044700415e-02
3.290000000000000036e+00,2.114774762503384038e-03,6.031933459570313835e-04,8.733672109764184510e-02
3.294999999999999929e+00,2.114669472105955468e-03,6.031638204723036890e-04,8.733249306934369460e-02
3.300000000000000266e+00,2.114564192505174328e-03,6.031342973439567101e-04,8.732826524570473647e-02
3.305000000000000160e+00,2.114458923563866926e-03,6.031047765501047417e-04,8.732403762687282467e-02
3.310000000000000053e+00,2.114353665148243581e-03,6.030752580693994093e-04,8.731981021299208001e-02
3.314999999999999947e+00,2.114248417127809285e-03,6.030457418810183934e-04,8.731558300420286245e-02
3.320000000000000284e+00,2.114143179375288246e-03,6.030162279646518768e-04,8.731135600064159064e-02
3.325000000000000178e+00,2.114037951766536711e-03,6.029867163004889920e-04,8.730712920244122766e-02
3.330000000000000071e+00,2.113932734180470115e-03,6.029572068692052450e-04,8.730290260973092020e-02
3.334999999999999964e+00,2.113827526498990653e-03,6.029276996519541661e-04,8.729867622263669247e-02
3.339999999999999858e+00,2.113722328606901409e-03,6.028981946303497465e-04,8.729445004128083552e-02
3.345000000000000195e+00,2.113617140391856487e-03,6.028686917864604748e-04,8.729022406578275384e-02
3.350000000000000089e+00,2.113511961744262996e-03,6.028391911027930743e-04,8.728599829625824369e-02
3.354999999999999982e+00,2.113406792557239421e-03,6.028096925622870817e-04,8.728177273282024251e-02
3.359999999999999876e+00,2.113301632726528011e-03,6.027801961482999937e-04,8.727754737557845421e-02
3.365000000000000213e+00,2.113196482150441445e-03,6.027507018445976174e-04,8.727332222463968225e-02
3.370000000000000107e+00,2.113091340729797776e-03,6.027212096353464811e-04,8.726909728010788514e-02
3.375000000000000000e+00,2.112986208367860150e-03,6.026917195051014744e-04,8.726487254208403765e-02
3.379999999999999893e+00,2.112881084970262644e-03,6.026622314387952229e-04,8.726064801066639454e-02
3.385000000000000231e+00,2.112775970444973842e-03,6.026327454217328839e-04,8.725642368595053211e-02
3.390000000000000124e+00,2.112670864702226575e-03,6.026032614395798953e-04,8.725219956802952870e-02
3.395000000000000018e+00,2.112565767654458939e-03,6.025737794783536270e-04,8.724797565699368707e-02
3.399999999999999911e+00,2.112460679216264427e-03,6.025442995244139482e-04,8.724375195293079810e-02
3.405000000000000249e+00,2.112355599304344654e-03,6.025148215644571563e-04,8.723952845592645999e-02
3.410000000000000142e+00,2.112250527837444738e-03,6.024853455855050258e-04,8.723530516606360641e-02
3.415000000000000036e+00,2.112145464736315571e-03,6.024558715748985207e-04,8.723108208342311709e-02
3.419999999999999929e+00,2.112040409923653973e-03,6.024263995202889035e-04,8.722685920808335991e-02
3.425000000000000266e+00,2.111935363324057586e-03,6.023969294096306881e-04,8.722263654012060718e-02
3.430000000000000160e+00,2.111830324863984976e-03,6.023674612311729661e-04,8.721841407960904957e-02
3.435000000000000053e+00,2.111725294471697087e-03,6.023379949734553951e-04,8.721419182662056013e-02
3.439999999999999947e+00,2.111620272077225149e-03,6.023085306252968152e-04,8.720996978122520782e-02
3.445000000000000284e+00,2.111515257612320805e-03,6.022790681757903691e-04,8.720574794349078562e-02
3.450000000000000178e+00,2.111410251010409703e-03,6.022496076142969980e-04,8.720152631348332406e-02
3.455000000000000071e+00,2.111305252206560276e-03,6.022201489304386101e-04,8.719730489126707729e-02
3.459999999999999964e+00,2.111200261137433868e-03,6.021906921140909256e-04,8.719308367690423167e-02
3.464999999999999858e+00,2.111095277741248735e-03,6.021612371553781637e-04,8.718886267045528049e-02
3.470000000000000195e+00,2.110990301957744921e-03,6.021317840446670797e-04,8.718464187197885740e-02
3.475000000000000089e+00,2.110885333728144790e-03,6.021023327725591586e-04,8.718042128153204173e-02
3.479999999999999982e+00,2.110780372995109660e-03,6.020728833298874712e-04,8.717620089916999770e-02
3.484999999999999876e+00,2.110675419702715081e-03,6.020434357077083251e-04,8.717198072494647398e-02
3.490000000000000213e+00,2.110570473796407037e-03,6.020139898972972541e-04,8.716776075891344289e-02
3.495000000000000107e+00,2.110465535222977220e-03,6.019845458901437046e-04,8.716354100112135017e-02
3.500000000000000000e+00,2.110360603930520104e-03,6.019551036779450734e-04,8.715932145161935096e-02
3.504999999999999893e+00,2.110255679868406481e-03,6.019256632526024785e-04,8.715510211045483790e-02
3.510000000000000231e+00,2.110150762987252678e-03,6.018962246062141462e-04,8.715088297767389913e-02
3.515000000000000124e+00,2.110045853238884123e-03,6.018667877310725917e-04,8.714666405332116561e-02
3.520000000000000018e+00,2.109940950576309759e-03,6.018373526196574633e-04,8.714244533743986665e-02
3.524999999999999911e+00,2.109836054953695157e-03,6.018079192646339165e-04,8.713822683007201031e-02
3.530000000000000249e+00,2.109731166326327817e-03,6.017784876588451329e-04,8.713400853125817525e-02
3.535000000000000142e+00,2.109626284650595492e-03,6.017490577953083083e-04,8.712979044103773274e-02
3.540000000000000036e+00,2.109521409883954087e-03,6.017196296672140026e-04,8.712557255944887447e-02
3.544999999999999929e+00,2.109416541984905115e-03,6.016902032679163816e-04,8.712135488652834880e-02
3.550000000000000266e+00,2.109311680912964466e-03,6.016607785909319165e-04,8.711713742231191882e-02
3.555000000000000160e+00,2.109206826628648099e-03,6.016313556299377570e-04,8.711292016683422346e-02
3.560000000000000053e+00,2.109101979093432142e-03,6.016019343787625158e-04,8.710870312012863881e-02
3.564999999999999947e+00,2.108997138269742486e-03,6.015725148313868110e-04,8.710448628222747236e-02
3.570000000000000284e+00,2.108892304120925289e-03,6.015430969819377362e-04,8.710026965316208791e-02
3.575000000000000178e+00,2.108787476611226168e-03,6.015136808246856082e-04,8.709605323296272517e-02
3.580000000000000071e+00,2.108682655705765036e-03,6.014842663540401722e-04,8.709183702165849972e-02
3.584999999999999964e+00,2.108577841370516594e-03,6.014548535645466987e-04,8.708762101927768062e-02
3.589999999999999858e+00,2.108473033572289077e-03,6.014254424508845738e-04,8.708340522584749610e-02
3.595000000000000195e+00,2.108368232278706473e-03,6.013960330078620955e-04,8.707918964139431395e-02
3.600000000000000089e+00,2.108263437458182069e-03,6.013666252304132208e-04,8.707497426594350276e-02
3.604999999999999982e+00,2.108158649079902840e-03,6.013372191135961560e-04,8.707075909951952908e-02
3.609999999999999876e+00,2.108053867113815569e-03,6.013078146525884784e-04,8.706654414214606841e-02
3.615000000000000213e+00,2.107949091530593455e-03,6.012784118426854011e-04,8.706232939384578318e-02
3.620000000000000107e+00,2.107844322301633076e-03,6.012490106792966289e-04,8.705811485464061417e-02
3.625000000000000000e+00,2.107739559399031837e-03,6.012196111579429974e-04,8.705390052455182215e-02
3.629999999999999893e+00,2.107634802795567159e-03,6.011902132742537623e-04,8.704968640359964094e-02
3.635000000000000231e+00,2.107530052464678689e-03,6.011608170239641060e-04,8.704547249180355495e-02
3.640000000000000124e+00,2.107425308380461802e-03,6.011314224029144868e-04,8.704125878918246573e-02
3.645000000000000018e+00,2.107320570517643311e-03,6.011020294070437003e-04,8.703704529575437276e-02
3.649999999999999911e+00,2.107215838851564122e-03,6.010726380323902886e-04,8.703283201153666493e-02
3.655000000000000249e+00,2.107111113358167958e-03,6.010432482750887456e-04,8.702861893654598169e-02
3.660000000000000142e+00,2.107006394013992683e-03,6.010138601313666984e-04,8.702440607079824086e-02
3.665000000000000036e+00,2.106901680796140815e-03,6.009844735975433888e-04,8.702019341430881905e-02
3.669999999999999929e+00,2.106796973682276489e-03,6.009550886700269637e-04,8.701598096709230179e-02
3.675000000000000266e+00,2.106692272650609408e-03,6.009257053453118721e-04,8.701176872916278893e-02
3.680000000000000160e+00,2.106587577679880103e-03,6.008963236199783235e-04,8.700755670053354762e-02
3.685000000000000053e+00,2.106482888749351256e-03,6.008669434906881678e-04,8.700334488121751197e-02
3.689999999999999947e+00,2.106378205838782981e-03,6.008375649541847869e-04,8.699913327122685280e-02
3.695000000000000284e+00,2.106273528928436292e-03,6.008081880072884328e-04,8.699492187057322745e-02
3.700000000000000178e+00,2.106168857999049689e-03,6.007788126468979620e-04,8.699071067926771039e-02
3.705000000000000071e+00,2.106064193031830043e-03,6.007494388699856315e-04,8.698649969732082099e-02
3.709999999999999964e+00,2.105959534008445232e-03,6.007200666735973155e-04,8.698228892474263452e-02
3.714999999999999858e+00,2.105854880911005485e-03,6.006906960548490364e-04,8.697807836154256012e-02
3.720000000000000195e+00,2.105750233722056882e-03,6.006613270109271811e-04,8.697386800772964610e-02
3.725000000000000089e+00,2.105645592424572245e-03,6.006319595390855739e-04,8.696965786331245507e-02
3.729999999999999982e+00,2.105540957001934225e-03,6.006025936366427660e-04,8.696544792829877246e-02
3.734999999999999876e+00,2.105436327437936600e-03,6.005732293009834449e-04,8.696123820269639759e-02
3.740000000000000213e+00,2.105331703716756091e-03,6.005438665295538807e-04,8.695702868651224160e-02
3.745000000000000107e+00,2.105227085822964934e-03,6.005145053198622518e-04,8.695281937975310460e-02
3.750000000000000000e+00,2.105122473741499658e-03,6.004851456694750662e-04,8.694861028242505119e-02
3.754999999999999893e+00,2.105017867457671058e-03,6.004557875760191139e-04,8.694440139453402105e-02
3.760000000000000231e+00,2.104913266957137308e-03,6.004264310371757200e-04,8.694019271608521837e-02
3.765000000000000124e+00,2.104808672225911333e-03,6.003970760506822631e-04,8.693598424708362526e-02
3.770000000000000018e+00,2.104704083250343461e-03,6.003677226143321749e-04,8.693177598753400181e-02
3.774999999999999911e+00,2.104599500017111883e-03,6.003383707259685436e-04,8.692756793744038646e-02
3.780000000000000249e+00,2.104494922513219183e-03,6.003090203834871496e-04,8.692336009680665110e-02
3.785000000000000142e+00,2.104390350725982364e-03,6.002796715848344056e-04,8.691915246563622355e-02
3.790000000000000036e+00,2.104285784643025042e-03,6.002503243280045376e-04,8.691494504393222631e-02
3.794999999999999929e+00,2.104181224252268338e-03,6.002209786110400186e-04,8.691073783169742106e-02
3.800000000000000266e+00,2.104076669541925671e-03,6.001916344320291832e-04,8.690653082893418091e-02
3.805000000000000160e+00,2.103972120500497995e-03,6.001622917891073121e-04,8.690232403564457364e-02
3.810000000000000053e+00,2.103867577116760347e-03,6.001329506804520784e-04,8.689811745183050051e-02
3.814999999999999947e+00,2.103763039379758382e-03,6.001036111042843063e-04,8.689391107749327992e-02
3.820000000000000284e+00,2.103658507278802735e-03,6.000742730588680797e-04,8.688970491263410534e-02
3.825000000000000178e+00,2.103553980803462512e-03,6.000449365425085738e-04,8.688549895725385108e-02
3.830000000000000071e+00,2.103449459943557056e-03,6.000156015535496696e-04,8.688129321135300287e-02
3.834999999999999964e+00,2.103344944689149870e-03,5.999862680903747135e-04,8.687708767493189377e-02
3.839999999999999858e+00,2.103240435030541682e-03,5.999569361514057574e-04,8.687288234799046827e-02
3.845000000000000195e+00,2.103135930958271310e-03,5.999276057351006324e-04,8.686867723052836554e-02
3.850000000000000089e+00,2.103031432463098750e-03,5.998982768399555498e-04,8.686447232254519701e-02
3.854999999999999982e+00,2.102926939536012112e-03,5.998689494645000064e-04,8.686026762404011614e-02
3.859999999999999876e+00,2.102822452168210711e-03,5.998396236072980848e-04,8.685606313501210984e-02
3.865000000000000213e+00,2.102717970351103329e-03,5.998102992669489958e-04,8.685185885545984585e-02
3.870000000000000107e+00,2.102613494076310818e-03,5.997809764420831751e-04,8.684765478538179762e-02
3.875000000000000000e+00,2.102509023335647452e-03,5.997516551313633679e-04,8.684345092477620265e-02
3.879999999999999893e+00,2.102404558121127864e-03,5.997223353334831105e-04,8.683924727364106255e-02
3.885000000000000231e+00,2.102300098424954907e-03,5.996930170471686822e-04,8.683504383197417076e-02
3.890000000000000124e+00,2.102195644239519649e-03,5.996637002711726000e-04,8.683084059977316804e-02
3.895000000000000018e+00,2.102091195557392704e-03,5.996343850042779554e-04,8.682663757703527885e-02
3.899999999999999911e+00,2.101986752371320325e-03,5.996050712452960290e-04,8.682243476375785252e-02
3.905000000000000249e+00,2.101882314674224841e-03,5.995757589930660741e-04,8.681823215993766940e-02
3.910000000000000142e+00,2.101777882459193812e-03,5.995464482464528226e-04,8.681402976557160700e-02
3.915000000000000036e+00,2.101673455719480898e-03,5.995171390043478946e-04,8.680982758065619587e-02
3.919999999999999929e+00,2.101569034448499355e-03,5.994878312656686057e-04,8.680562560518781390e-02
3.925000000000000266e+00,2.101464618639818996e-03,5.994585250293574252e-04,8.680142383916275572e-02
3.930000000000000160e+00,2.101360208287160990e-03,5.994292202943796990e-04,8.679722228257689964e-02
3.935000000000000053e+00,2.101255803384397859e-03,5.993999170597262517e-04,8.679302093542629049e-02
3.939999999999999947e+00,2.101151403925540471e-03,5.993706153244090498e-04,8.678881979770647348e-02
3.945000000000000284e+00,2.101047009904745411e-03,5.993413150874644544e-04,8.678461886941306325e-02
3.950000000000000178e+00,2.100942621316309773e-03,5.993120163479496434e-04,8.678041815054145236e-02
3.955000000000000071e+00,2.100838238154658592e-03,5.992827191049434786e-04,8.677621764108674196e-02
3.959999999999999964e+00,2.100733860414354809e-03,5.992534233575460721e-04,8.677201734104417197e-02
3.965000000000000302e+00,2.100629488090084099e-03,5.992241291048768350e-04,8.676781725040851045e-02
3.970000000000000195e+00,2.100525121176658773e-03,5.991948363460766454e-04,8.676361736917458101e-02
3.975000000000000089e+00,2.100420759669010401e-03,5.991655450803040541e-04,8.675941769733695741e-02
3.979999999999999982e+00,2.100316403562194154e-03,5.991362553067377779e-04,8.675521823489018569e-02
3.984999999999999876e+00,2.100212052851376660e-03,5.991069670245743146e-04,8.675101898182863147e-02
3.990000000000000213e+00,2.100107707531838168e-03,5.990776802330285934e-04,8.674681993814649383e-02
3.995000000000000107e+00,2.100003367598969953e-03,5.990483949313320233e-04,8.674262110383791635e-02
4.000000000000000000e+00,2.099899033048271708e-03,5.990191111187349871e-04,8.673842247889688994e-02
